{
  "6001769473": {
    "last_message_time": 1770646956.309628,
    "message_count": 1,
    "warnings": 0,
    "is_premium": false
  },
  "7881954987": {
    "last_message_time": 1770647326.665564,
    "message_count": 1,
    "warnings": 0,
    "is_premium": false
  }
}