{
  "6001769473": {
    "last_message_time": 1770725797.075739,
    "message_times": [
      1770725790.681009,
      1770725797.075739
    ],
    "spam_count": 0,
    "warnings_given": 0,
    "blocked_until": 0,
    "total_warnings": 0,
    "is_premium": false
  },
  "6182076955": {
    "last_message_time": 1770726523.141838,
    "message_times": [
      1770726523.141838
    ],
    "spam_count": 0,
    "warnings_given": 0,
    "blocked_until": 0,
    "total_warnings": 0,
    "is_premium": false
  }
}