{
  "6001769473": {
    "last_used": 1770569659.955977,
    "cooldown": 7200,
    "timestamp": "2026-02-08T16:54:19.955985",
    "is_premium": false
  }
}