{
  "6001769473": {
    "last_used": 1770651785.848814,
    "cooldown": 0,
    "timestamp": "2026-02-09T15:43:05.848818",
    "is_premium": true
  }
}