{
  "6001769473": {
    "last_used": 1770283757.432044,
    "cooldown": 7200,
    "timestamp": "2026-02-05T09:29:17.432053",
    "is_premium": false
  }
}