{
  "6001769473": {
    "last_used": 1770648449.226313,
    "cooldown": 7200,
    "timestamp": "2026-02-09T14:47:29.226319",
    "is_premium": false
  }
}